--------------
SELECT * FROM westerncourse
--------------

Empty set (0.00 sec)

--------------
SELECT * FROM university
--------------

Empty set (0.00 sec)

--------------
SELECT * FROM outsidecourse
--------------

Empty set (0.00 sec)

--------------
SELECT * FROM equivalentto
--------------

Empty set (0.00 sec)

--------------
LOAD DATA LOCAL INFILE 'loaddatafall2020.sql' INTO TABLE university FIELDS TERMINATED BY ','
--------------

Query OK, 7 rows affected (0.01 sec)
Records: 7  Deleted: 0  Skipped: 0  Warnings: 0

--------------
INSERT INTO westerncourse VALUES ("cs1026", "Computer Science Fundamentals I", 0.5, '"A/B"')
--------------

Query OK, 1 row affected (0.06 sec)

--------------
INSERT INTO westerncourse VALUES ("cs1027", "Computer Science Fundamentals II", 0.5, '"A/B"')
--------------

Query OK, 1 row affected (0.01 sec)

--------------
INSERT INTO westerncourse VALUES ("cs2210", "Algorithms and Data Structures", 1.0, '"A/B"')
--------------

Query OK, 1 row affected (0.01 sec)

--------------
INSERT INTO westerncourse VALUES ("cs3319", "Databases I", 0.5, '"A/B"')
--------------

Query OK, 1 row affected (0.01 sec)

--------------
INSERT INTO westerncourse VALUES ("cs2120", "Modern Survival Skills I: Coding Essentials", 0.5, '"A/B"')
--------------

Query OK, 1 row affected (0.10 sec)

--------------
INSERT INTO westerncourse VALUES ("cs4490", "Thesis", 0.5, '"Z"')
--------------

Query OK, 1 row affected (0.01 sec)

--------------
INSERT INTO westerncourse VALUES ("cs0020", "Intro to Coding using Pascal and Fortran", 1.0, '""')
--------------

Query OK, 1 row affected (0.00 sec)

--------------
INSERT INTO westerncourse VALUES ("cs4321", "Databases III", 0.5, '"A/B"')
--------------

Query OK, 1 row affected (0.01 sec)

--------------
INSERT INTO university VALUES (44, "Ross University", "Guelph", "ON", "Ross")
--------------

Query OK, 1 row affected (0.08 sec)

--------------
INSERT INTO outsidecourse VALUES (2, "CompSci022", "Introduction to Programming", 1, 0.5)
--------------

Query OK, 1 row affected (0.00 sec)

--------------
INSERT INTO outsidecourse VALUES (2, "CompSci033", "Intro to Programming for Med students", 3, 0.5)
--------------

Query OK, 1 row affected (0.02 sec)

--------------
INSERT INTO outsidecourse VALUES (2, "CompSci021", "Packages", 1, 0.5)
--------------

Query OK, 1 row affected (0.00 sec)

--------------
INSERT INTO outsidecourse VALUES (2, "CompSci222", "Introduction to Databases", 2, 1.0)
--------------

Query OK, 1 row affected (0.01 sec)

--------------
INSERT INTO outsidecourse VALUES (2, "CompSci023", "Advanced Programming", 1, 0.5)
--------------

Query OK, 1 row affected (0.00 sec)

--------------
INSERT INTO outsidecourse VALUES (4, "CompSci011", "Intro to Computer Science", 2, 0.5)
--------------

Query OK, 1 row affected (0.01 sec)

--------------
INSERT INTO outsidecourse VALUES (4, "CompSci123", "Using UNIX", 2, 0.5)
--------------

Query OK, 1 row affected (0.01 sec)

--------------
INSERT INTO outsidecourse VALUES (66, "CompSci021", "Intro Programming", 1, 1.0)
--------------

Query OK, 1 row affected (0.00 sec)

--------------
INSERT INTO outsidecourse VALUES (66, "CompSci022", "Advanced Programming", 1, 0.5)
--------------

Query OK, 1 row affected (0.01 sec)

--------------
INSERT INTO outsidecourse VALUES (66, "CompSci319", "Using Databases", 3, 0.5)
--------------

Query OK, 1 row affected (0.00 sec)

--------------
INSERT INTO outsidecourse VALUES (55, "CompSci333", "Graphics", 3, 0.5)
--------------

Query OK, 1 row affected (0.01 sec)

--------------
INSERT INTO outsidecourse VALUES (55, "CompSci444", "Networks", 4, 0.5)
--------------

Query OK, 1 row affected (0.00 sec)

--------------
INSERT INTO outsidecourse VALUES (77, "CompSci022", "Using Packages", 1, 0.5)
--------------

Query OK, 1 row affected (0.02 sec)

--------------
INSERT INTO outsidecourse VALUES (77, "CompSci101", "Introduction to Using Data Structures", 2, 0.5)
--------------

Query OK, 1 row affected (0.00 sec)

--------------
INSERT INTO outsidecourse VALUES (44, "CompSci108", "Python Programming", 1, 0.5)
--------------

Query OK, 1 row affected (0.01 sec)

--------------
INSERT INTO outsidecourse VALUES (44, "CompSci444", "Advanced Data Analysis", 4, 0.5)
--------------

Query OK, 1 row affected (0.01 sec)

--------------
INSERT INTO equivalentto VALUES ("cs1026", "CompSci022", 2, "2015-05-12")
--------------

Query OK, 1 row affected (0.01 sec)

--------------
INSERT INTO equivalentto VALUES ("cs1026", "CompSci033", 2, "2013-01-02")
--------------

Query OK, 1 row affected (0.00 sec)

--------------
INSERT INTO equivalentto VALUES ("cs1026", "CompSci011", 4, "1997-02-09")
--------------

Query OK, 1 row affected (0.02 sec)

--------------
INSERT INTO equivalentto VALUES ("cs1026", "CompSci021", 66, "2010-01-12")
--------------

Query OK, 1 row affected (0.00 sec)

--------------
INSERT INTO equivalentto VALUES ("cs1027", "CompSci023", 2, "2017-06-22")
--------------

Query OK, 1 row affected (0.01 sec)

--------------
INSERT INTO equivalentto VALUES ("cs1027", "CompSci022", 66, "2019-09-01")
--------------

Query OK, 1 row affected (0.00 sec)

--------------
INSERT INTO equivalentto VALUES ("cs2210", "CompSci101", 77, "1998-07-12")
--------------

Query OK, 1 row affected (0.01 sec)

--------------
INSERT INTO equivalentto VALUES ("cs3319", "CompSci222", 2, "1990-09-13")
--------------

Query OK, 1 row affected (0.00 sec)

--------------
INSERT INTO equivalentto VALUES ("cs3319", "CompSci319", 66, "1987-09-21")
--------------

Query OK, 1 row affected (0.02 sec)

--------------
INSERT INTO equivalentto VALUES ("cs2120", "CompSci022", 2, "2018-12-10")
--------------

Query OK, 1 row affected (0.00 sec)

--------------
INSERT INTO equivalentto VALUES ("cs0020", "CompSci022", 2, "1999-09-17")
--------------

Query OK, 1 row affected (0.01 sec)

--------------
SELECT * FROM westerncourse
--------------

+--------------+---------------------------------------------+--------+--------+
| coursenumber | coursename                                  | weight | suffix |
+--------------+---------------------------------------------+--------+--------+
| cs0020       | Intro to Coding using Pascal and Fortran    |      1 | ""     |
| cs1026       | Computer Science Fundamentals I             |    0.5 | "A/B"  |
| cs1027       | Computer Science Fundamentals II            |    0.5 | "A/B"  |
| cs2120       | Modern Survival Skills I: Coding Essentials |    0.5 | "A/B"  |
| cs2210       | Algorithms and Data Structures              |      1 | "A/B"  |
| cs3319       | Databases I                                 |    0.5 | "A/B"  |
| cs4321       | Databases III                               |    0.5 | "A/B"  |
| cs4490       | Thesis                                      |    0.5 | "Z"    |
+--------------+---------------------------------------------+--------+--------+
8 rows in set (0.00 sec)

--------------
SELECT * FROM university
--------------

+----+--------------------------------+-----------+--------------+----------+
| id | officialname                   | city      | provincecode | nickname |
+----+--------------------------------+-----------+--------------+----------+
|  2 | University Of Toronto          | Toronto   | ON           | UofT     |
|  4 | University of Waterloo         | Waterloo  | ON           | Waterloo |
| 24 | Concordia University           | Montreal  | QB           | Concord  |
| 44 | Ross University                | Guelph    | ON           | Ross     |
| 55 | McMaster University            | Hamilton  | ON           | Mac      |
| 66 | University of British Columbia | Vancouver | BC           | UBC      |
| 77 | Wilfred Laurier University     | Waterloo  | ON           | Laurier  |
| 88 | McGill University              | Montreal  | QB           | McGill   |
+----+--------------------------------+-----------+--------------+----------+
8 rows in set (0.00 sec)

--------------
SELECT * FROM outsidecourse
--------------

+----+------------+---------------------------------------+------+--------+
| id | code       | name                                  | year | weight |
+----+------------+---------------------------------------+------+--------+
|  4 | CompSci011 | Intro to Computer Science             |    2 |    0.5 |
|  2 | CompSci021 | Packages                              |    1 |    0.5 |
| 66 | CompSci021 | Intro Programming                     |    1 |      1 |
|  2 | CompSci022 | Introduction to Programming           |    1 |    0.5 |
| 66 | CompSci022 | Advanced Programming                  |    1 |    0.5 |
| 77 | CompSci022 | Using Packages                        |    1 |    0.5 |
|  2 | CompSci023 | Advanced Programming                  |    1 |    0.5 |
|  2 | CompSci033 | Intro to Programming for Med students |    3 |    0.5 |
| 77 | CompSci101 | Introduction to Using Data Structures |    2 |    0.5 |
| 44 | CompSci108 | Python Programming                    |    1 |    0.5 |
|  4 | CompSci123 | Using UNIX                            |    2 |    0.5 |
|  2 | CompSci222 | Introduction to Databases             |    2 |      1 |
| 66 | CompSci319 | Using Databases                       |    3 |    0.5 |
| 55 | CompSci333 | Graphics                              |    3 |    0.5 |
| 44 | CompSci444 | Advanced Data Analysis                |    4 |    0.5 |
| 55 | CompSci444 | Networks                              |    4 |    0.5 |
+----+------------+---------------------------------------+------+--------+
16 rows in set (0.00 sec)

--------------
SELECT * FROM equivalentto
--------------

+-------------+------------+----+------------+
| westerncode | code       | id | decidedate |
+-------------+------------+----+------------+
| cs0020      | CompSci022 |  2 | 1999-09-17 |
| cs1026      | CompSci022 |  2 | 2015-05-12 |
| cs1026      | CompSci033 |  2 | 2013-01-02 |
| cs1026      | CompSci011 |  4 | 1997-02-09 |
| cs1026      | CompSci021 | 66 | 2010-01-12 |
| cs1027      | CompSci023 |  2 | 2017-06-22 |
| cs1027      | CompSci022 | 66 | 2019-09-01 |
| cs2120      | CompSci022 |  2 | 2018-12-10 |
| cs2210      | CompSci101 | 77 | 1998-07-12 |
| cs3319      | CompSci222 |  2 | 1990-09-13 |
| cs3319      | CompSci319 | 66 | 1987-09-21 |
+-------------+------------+----+------------+
11 rows in set (0.00 sec)

--------------
SELECT * FROM equivalentto
--------------

+-------------+------------+----+------------+
| westerncode | code       | id | decidedate |
+-------------+------------+----+------------+
| cs0020      | CompSci022 |  2 | 1999-09-17 |
| cs1026      | CompSci022 |  2 | 2015-05-12 |
| cs1026      | CompSci033 |  2 | 2013-01-02 |
| cs1026      | CompSci011 |  4 | 1997-02-09 |
| cs1026      | CompSci021 | 66 | 2010-01-12 |
| cs1027      | CompSci023 |  2 | 2017-06-22 |
| cs1027      | CompSci022 | 66 | 2019-09-01 |
| cs2120      | CompSci022 |  2 | 2018-12-10 |
| cs2210      | CompSci101 | 77 | 1998-07-12 |
| cs3319      | CompSci222 |  2 | 1990-09-13 |
| cs3319      | CompSci319 | 66 | 1987-09-21 |
+-------------+------------+----+------------+
11 rows in set (0.00 sec)

--------------
UPDATE equivalentto SET decidedate = "2018-09-19" WHERE westerncode = "cs0020" AND code = "CompSci022" AND id = 2
--------------

Query OK, 1 row affected (0.00 sec)
Rows matched: 1  Changed: 1  Warnings: 0

--------------
SELECT * FROM equivalentto
--------------

+-------------+------------+----+------------+
| westerncode | code       | id | decidedate |
+-------------+------------+----+------------+
| cs0020      | CompSci022 |  2 | 2018-09-19 |
| cs1026      | CompSci022 |  2 | 2015-05-12 |
| cs1026      | CompSci033 |  2 | 2013-01-02 |
| cs1026      | CompSci011 |  4 | 1997-02-09 |
| cs1026      | CompSci021 | 66 | 2010-01-12 |
| cs1027      | CompSci023 |  2 | 2017-06-22 |
| cs1027      | CompSci022 | 66 | 2019-09-01 |
| cs2120      | CompSci022 |  2 | 2018-12-10 |
| cs2210      | CompSci101 | 77 | 1998-07-12 |
| cs3319      | CompSci222 |  2 | 1990-09-13 |
| cs3319      | CompSci319 | 66 | 1987-09-21 |
+-------------+------------+----+------------+
11 rows in set (0.00 sec)

--------------
SELECT * FROM outsidecourse
--------------

+----+------------+---------------------------------------+------+--------+
| id | code       | name                                  | year | weight |
+----+------------+---------------------------------------+------+--------+
|  4 | CompSci011 | Intro to Computer Science             |    2 |    0.5 |
|  2 | CompSci021 | Packages                              |    1 |    0.5 |
| 66 | CompSci021 | Intro Programming                     |    1 |      1 |
|  2 | CompSci022 | Introduction to Programming           |    1 |    0.5 |
| 66 | CompSci022 | Advanced Programming                  |    1 |    0.5 |
| 77 | CompSci022 | Using Packages                        |    1 |    0.5 |
|  2 | CompSci023 | Advanced Programming                  |    1 |    0.5 |
|  2 | CompSci033 | Intro to Programming for Med students |    3 |    0.5 |
| 77 | CompSci101 | Introduction to Using Data Structures |    2 |    0.5 |
| 44 | CompSci108 | Python Programming                    |    1 |    0.5 |
|  4 | CompSci123 | Using UNIX                            |    2 |    0.5 |
|  2 | CompSci222 | Introduction to Databases             |    2 |      1 |
| 66 | CompSci319 | Using Databases                       |    3 |    0.5 |
| 55 | CompSci333 | Graphics                              |    3 |    0.5 |
| 44 | CompSci444 | Advanced Data Analysis                |    4 |    0.5 |
| 55 | CompSci444 | Networks                              |    4 |    0.5 |
+----+------------+---------------------------------------+------+--------+
16 rows in set (0.00 sec)

--------------
UPDATE outsidecourse SET year = 1 WHERE name LIKE "Intro%"
--------------

Query OK, 4 rows affected (0.01 sec)
Rows matched: 6  Changed: 4  Warnings: 0

--------------
SELECT * FROM outsidecourse
--------------

+----+------------+---------------------------------------+------+--------+
| id | code       | name                                  | year | weight |
+----+------------+---------------------------------------+------+--------+
|  4 | CompSci011 | Intro to Computer Science             |    1 |    0.5 |
|  2 | CompSci021 | Packages                              |    1 |    0.5 |
| 66 | CompSci021 | Intro Programming                     |    1 |      1 |
|  2 | CompSci022 | Introduction to Programming           |    1 |    0.5 |
| 66 | CompSci022 | Advanced Programming                  |    1 |    0.5 |
| 77 | CompSci022 | Using Packages                        |    1 |    0.5 |
|  2 | CompSci023 | Advanced Programming                  |    1 |    0.5 |
|  2 | CompSci033 | Intro to Programming for Med students |    1 |    0.5 |
| 77 | CompSci101 | Introduction to Using Data Structures |    1 |    0.5 |
| 44 | CompSci108 | Python Programming                    |    1 |    0.5 |
|  4 | CompSci123 | Using UNIX                            |    2 |    0.5 |
|  2 | CompSci222 | Introduction to Databases             |    1 |      1 |
| 66 | CompSci319 | Using Databases                       |    3 |    0.5 |
| 55 | CompSci333 | Graphics                              |    3 |    0.5 |
| 44 | CompSci444 | Advanced Data Analysis                |    4 |    0.5 |
| 55 | CompSci444 | Networks                              |    4 |    0.5 |
+----+------------+---------------------------------------+------+--------+
16 rows in set (0.00 sec)

Bye
